reverse_voltage_V,peak_field_V_cm,peak_x_um,peak_depth_um,oxide_peak_field_V_cm,oxide_peak_x_um,oxide_peak_depth_um,anode_A_per_cm,cathode_A_per_cm,interface_potential_mismatch_V,plate_boundary_residual_V
0,5831.1062513431525,40.889497906745774,2.722497862757752,46377.62118764674,48.01069317493328,-0.993688758176227,1.7759940512019465e-15,6.345977321066712e-29,0.0,0.0
0.1,6558.874314602362,40.889497906745774,2.722497862757752,53040.428349645306,48.01069317493328,-0.993688758176227,-1.0083209293009888e-11,9.908147265498204e-12,0.0,0.0
0.25,7578.390977280415,41.4291300955052,2.4607693525642413,62991.42921527825,48.01069317493328,-0.993688758176227,-1.794496255418801e-11,1.811651820587524e-11,0.0,0.0
0.47500000000000003,8986.355817156555,41.4291300955052,2.4607693525642413,77813.87106009196,48.01069317493328,-0.993688758176227,-2.937266300200335e-11,2.938349600202831e-11,0.0,0.0
0.8125,10901.70297066206,40.877528419655285,2.6714762105895455,99797.09003008259,48.01069317493328,-0.993688758176227,-4.041043400012871e-11,4.058597613218277e-11,0.0,0.0
1.31875,13483.099065040877,40.877528419655285,2.6714762105895455,132182.4646918735,48.01069317493328,-0.993688758176227,-5.6509238575473346e-11,5.667620590872744e-11,0.0,0.0
2.078125,16879.914635389112,40.877528419655285,2.6714762105895455,179425.46891412113,48.01069317493328,-0.993688758176227,-7.784744803465097e-11,7.732517273802392e-11,0.0,0.0
3.2171875,21300.372618529418,40.877528419655285,2.6714762105895455,247432.050232986,48.01069317493328,-0.993688758176227,-1.023493958840305e-10,1.0182528369984679e-10,0.0,0.0
4.92578125,27002.433869532924,40.877528419655285,2.6714762105895455,343889.2372186897,48.01069317493328,-0.993688758176227,-1.3278949591488744e-10,1.3222688572656396e-10,0.0,0.0
7.488671875,34313.56598750939,40.877528419655285,2.6714762105895455,478879.4318075161,48.01069317493328,-0.993688758176227,-1.7111229069557763e-10,1.7061284591505072e-10,0.0,0.0
11.3330078125,43663.02591069445,40.87606313041037,2.3631915696365673,665607.6485009221,48.01069317493328,-0.993688758176227,-2.1543638735194705e-10,2.176515711996643e-10,0.0,0.0
17.09951171875,56571.89575551618,40.87606313041037,2.3631915696365673,921839.9886803417,48.01069317493328,-0.993688758176227,-2.790515198555127e-10,2.759015663431864e-10,0.0,0.0
25.749267578125,73017.19106526894,40.87606313041037,2.3631915696365673,1272447.047875282,48.01069317493328,-0.993688758176227,-3.5197759517732446e-10,3.4869009768413726e-10,0.0,0.0
35.749267578125,89508.46538016754,40.87606313041037,2.3631915696365673,1645650.2910735,48.01069317493328,-0.993688758176227,-4.1253111097534784e-10,4.207108345021265e-10,0.0,0.0
45.749267578125,104291.47902438458,40.87606313041037,2.3631915696365673,1995423.1488336402,48.01069317493328,-0.993688758176227,-4.776358164605968e-10,4.854023138527927e-10,0.0,0.0
55.749267578125,117882.2420188552,40.87606313041037,2.3631915696365673,2327892.7963135047,48.01069317493328,-0.993688758176227,-5.350411025018638e-10,5.428157313867688e-10,0.0,0.0
65.749267578125,130577.66037601058,40.87606313041037,2.3631915696365673,2646994.301021615,48.01069317493328,-0.993688758176227,-5.870566357362938e-10,5.953764040297375e-10,0.0,0.0
75.749267578125,142577.36035688675,40.87606313041037,2.3631915696365673,2955175.930741494,48.01069317493328,-0.993688758176227,-6.402845949134045e-10,6.476278514768603e-10,0.0,0.0
85.749267578125,153999.79240073584,40.87606313041037,2.3631915696365673,3254159.535326426,48.01069317493328,-0.993688758176227,-6.838819662054925e-10,6.916142690114194e-10,0.0,0.0
95.749267578125,164939.94190910074,40.87606313041037,2.3631915696365673,3545278.9770429307,48.01069317493328,-0.993688758176227,-7.319920104796963e-10,7.383481148034368e-10,0.0,0.0
105.749267578125,175469.11614752686,40.87606313041037,2.3631915696365673,3829563.351823272,48.01069317493328,-0.993688758176227,-7.749950280796471e-10,7.833177366797867e-10,0.0,0.0
115.749267578125,185644.77494914382,40.87606313041037,2.3631915696365673,4107789.525764272,48.01069317493328,-0.993688758176227,-8.17123653693337e-10,8.248820134680635e-10,0.0,0.0
121.749267578125,191591.0732856762,40.87606313041037,2.3631915696365673,4272030.965935522,48.01069317493328,-0.993688758176227,-8.431997821679182e-10,8.510728392779649e-10,0.0,0.0
130.749267578125,200323.50249639567,40.87606313041037,2.3631915696365673,4515101.9234677935,48.01069317493328,-0.993688758176227,-8.762845474980061e-10,8.862269965127454e-10,0.0,0.0
140.749267578125,209776.87820782265,40.87606313041037,2.3631915696365673,4780789.416015103,48.01069317493328,-0.993688758176227,-9.168846079133049e-10,9.247400395558728e-10,0.0,0.0
150.749267578125,219100.39748250978,47.93477182918496,0.005937986945337498,5042190.306723757,48.01069317493328,-0.993688758176227,-9.55646120148045e-10,9.62564834415793e-10,0.0,0.0
160.749267578125,230490.9113751401,47.93477182918496,0.005937986945337498,5299657.182307852,48.01069317493328,-0.993688758176227,-9.939896814690877e-10,1.0005920644216388e-09,0.0,0.0
170.749267578125,241719.88049692052,47.93477182918496,0.005937986945337498,5553494.673543471,48.01069317493328,-0.993688758176227,-1.0262125449814732e-09,1.0346137060039996e-09,0.0,0.0
171.749267578125,242834.7864153933,47.93477182918496,0.005937986945337498,5578700.086950307,48.01069317493328,-0.993688758176227,-1.0307364878608818e-09,1.0377488578684134e-09,0.0,0.0
172.749267578125,243948.18166305573,47.93477182918496,0.005937986945337498,5603871.630042538,48.01069317493328,-0.993688758176227,-1.033823456248282e-09,1.0412182844531738e-09,0.0,0.0
173.749267578125,245060.02307028294,47.93477182918496,0.005937986945337498,5629008.206647315,48.01069317493328,-0.993688758176227,-1.037131903639401e-09,1.044913486119487e-09,0.0,0.0
174.749267578125,246170.2750155275,47.93477182918496,0.005937986945337498,5654108.876961207,48.01069317493328,-0.993688758176227,-1.0404002232101076e-09,1.0490074303204574e-09,0.0,0.0
175.749267578125,247278.92822749674,47.93477182918496,0.005937986945337498,5679173.368626466,48.01069317493328,-0.993688758176227,-1.0470882413708744e-09,1.0534726890363833e-09,0.0,0.0
176.749267578125,248386.00251640083,47.93477182918496,0.005937986945337498,5704202.107675826,48.01069317493328,-0.993688758176227,-1.050317583532322e-09,1.0575588994783159e-09,0.0,0.0
177.749267578125,249491.5459845801,47.93477182918496,0.005937986945337498,5729196.191291375,48.01069317493328,-0.993688758176227,-1.05405622228825e-09,1.0609083577149838e-09,0.0,0.0
178.749267578125,250595.63295176232,47.93477182918496,0.005937986945337498,5754157.381723083,48.01069317493328,-0.993688758176227,-1.0556913675547606e-09,1.063962647280208e-09,0.0,0.0
179.749267578125,251698.3483259368,47.93477182918496,0.005937986945337498,5779087.750581102,48.01069317493328,-0.993688758176227,-1.0581620020231684e-09,1.0672044210503575e-09,0.0,0.0
180.749267578125,252799.76383881643,47.93477182918496,0.005937986945337498,5803989.087566984,48.01069317493328,-0.993688758176227,-1.0601529043705903e-09,1.0706573069059546e-09,0.0,0.0
181.749267578125,253899.92784610612,47.93477182918496,0.005937986945337498,5828862.635022838,48.01069317493328,-0.993688758176227,-1.06444987581851e-09,1.0742428328934255e-09,0.0,0.0
182.749267578125,254998.86996276613,47.93477182918496,0.005937986945337498,5853709.18474689,48.01069317493328,-0.993688758176227,-1.0677831638148875e-09,1.0779198021032617e-09,0.0,0.0
183.749267578125,256096.60264703902,47.93477182918496,0.005937986945337498,5878529.086023073,48.01069317493328,-0.993688758176227,-1.071812367585175e-09,1.0817567602877497e-09,0.0,0.0
184.749267578125,257193.11602766305,47.93477182918496,0.005937986945337498,5903322.093884427,48.01069317493328,-0.993688758176227,-1.0788587240753628e-09,1.0856589901391905e-09,0.0,0.0
185.749267578125,258288.3798896171,47.93477182918496,0.005937986945337498,5928087.444223104,48.01069317493328,-0.993688758176227,-1.0829646308642068e-09,1.0892908936669112e-09,0.0,0.0
186.749267578125,259382.34926666808,47.93477182918496,0.005937986945337498,5952824.009818315,48.01069317493328,-0.993688758176227,-1.0855587882490515e-09,1.0923306001187683e-09,0.0,0.0
187.749267578125,260474.9704045241,47.93477182918496,0.005937986945337498,5977530.429334943,48.01069317493328,-0.993688758176227,-1.0871398035042261e-09,1.0950004718138512e-09,0.0,0.0
188.749267578125,261566.1954371425,47.93477182918496,0.005937986945337498,6002205.463277945,48.01069317493328,-0.993688758176227,-1.0904847438919952e-09,1.0976029088242318e-09,0.0,0.0
189.749267578125,262656.003423167,47.93477182918496,0.005937986945337498,6026848.529887623,48.01069317493328,-0.993688758176227,-1.0935065889315672e-09,1.1003499352129503e-09,0.0,0.0
