reverse_voltage_V,peak_field_V_cm,peak_x_um,peak_depth_um,anode_A_per_cm,cathode_A_per_cm
0,5740.679616747148,41.25522189589003,2.6283736884537396,-4.424058847373527e-16,0.0
0.1,6449.8530086606015,41.25522189589003,2.6283736884537396,-9.844294421533947e-12,9.776690996391905e-12
0.25,7438.186497021086,41.25522189589003,2.6283736884537396,-1.8166066010856944e-11,1.8225660511153368e-11
0.47500000000000003,8796.144044139197,41.25522189589003,2.6283736884537396,-2.920777079365708e-11,2.920442835478063e-11
0.8125,10628.90549072688,41.25522189589003,2.6283736884537396,-4.014841348031618e-11,4.02220663505151e-11
1.31875,13126.778994636386,42.31756260106878,1.7205947452120807,-5.594446517841593e-11,5.601225287895436e-11
2.078125,16465.267516891898,42.31756260106878,1.7205947452120807,-7.57254639110528e-11,7.554193611368806e-11
3.2171875,20901.180831109952,42.31756260106878,1.7205947452120807,-9.860278231876165e-11,9.840467293896292e-11
4.92578125,26768.751070230162,42.31756260106878,1.7205947452120807,-1.2754351925005127e-10,1.2736495219477046e-10
7.488671875,35443.57594104875,42.54080512556504,0.5145901533748717,-1.6390066146091696e-10,1.6371819524606558e-10
11.3330078125,46882.90489798197,42.54080512556504,0.5145901533748717,-2.0662603772695054e-10,2.0747364226428095e-10
17.09951171875,62366.935740882545,42.47356759300064,0.2020883555164221,-2.628325848041429e-10,2.615158626153826e-10
25.749267578125,82885.11525514611,42.47356759300064,0.2020883555164221,-3.327052160696737e-10,3.314735409562598e-10
35.749267578125,103682.34838265595,42.47356759300064,0.2020883555164221,-3.962510018580564e-10,3.988295657470623e-10
45.749267578125,122907.2855289804,42.272172979981185,0.37838113618060115,-4.5470121204329985e-10,4.578396735283746e-10
55.749267578125,142488.05036261512,42.272172979981185,0.37838113618060115,-5.097033746482995e-10,5.130746417581105e-10
65.749267578125,160725.96629027117,42.272172979981185,0.37838113618060115,-5.616299451760917e-10,5.644648364676484e-10
75.749267578125,177055.3995666167,42.0379512503431,0.18440350975972636,-6.07254725915646e-10,6.098732560244537e-10
85.749267578125,194532.3055187183,42.0379512503431,0.18440350975972636,-6.507589658691969e-10,6.534989969115561e-10
95.749267578125,211635.71887810223,42.0379512503431,0.18440350975972636,-6.946003822856571e-10,6.969613337561815e-10
105.749267578125,228359.84552744846,42.0379512503431,0.18440350975972636,-7.336576054487419e-10,7.366601678100402e-10
115.749267578125,244552.5426633837,42.0379512503431,0.18440350975972636,-7.745283619570255e-10,7.770683498513893e-10
116.749267578125,246099.54804563383,42.0379512503431,0.18440350975972636,-7.769846303190198e-10,7.806696387379263e-10
117.749267578125,247642.62254777385,42.0379512503431,0.18440350975972636,-7.820119684611281e-10,7.845100593516339e-10
118.749267578125,249182.7061713324,42.0379512503431,0.18440350975972636,-7.849424922477974e-10,7.879982388553695e-10
119.749267578125,250719.9652292037,42.0379512503431,0.18440350975972636,-7.886696564504573e-10,7.916547823495627e-10
120.749267578125,252254.44277897963,42.0379512503431,0.18440350975972636,-7.931910518639341e-10,7.960091704842065e-10
121.749267578125,253786.19868110877,42.0379512503431,0.18440350975972636,-7.974578421756799e-10,8.005620365356838e-10
122.749267578125,255315.30231542478,42.0379512503431,0.18440350975972636,-8.022373426719141e-10,8.04903486077553e-10
123.749267578125,256841.84817687288,42.0379512503431,0.18440350975972636,-8.06148013981811e-10,8.091336171342165e-10
124.749267578125,258365.95172650204,42.0379512503431,0.18440350975972636,-8.102036200894632e-10,8.132487591741478e-10
125.749267578125,259887.69768835502,42.0379512503431,0.18440350975972636,-8.141133117106519e-10,8.170847229394828e-10
126.749267578125,261407.09499381352,42.0379512503431,0.18440350975972636,-8.181235003742906e-10,8.20827728662825e-10
127.749267578125,262924.086952139,42.0379512503431,0.18440350975972636,-8.198750710253678e-10,8.23709401912246e-10
