x_cm,Potential_V,Electrons_cm-3,Holes_cm-3,NetDoping_cm-3
0.000000000000000000e+00,2.314028008733630057e-02,9.999999999999998579e+01,1.000000000000000128e+18,-1.000000000000000000e+18
9.999999999999999547e-08,2.314188398516805675e-02,7.128833126544235945e+08,9.999380439600064000e+17,-1.000000000000000000e+18
1.980196039207841439e-07,2.314355405347538058e-02,1.411695565935598135e+09,9.998735359851265280e+17,-1.000000000000000000e+18
2.940980314486581824e-07,2.314538311031121010e-02,2.096725464780356407e+09,9.998028917882210560e+17,-1.000000000000000000e+18
3.882737255647979510e-07,2.314746355589966664e-02,2.768263240115762711e+09,9.997225443130344960e+17,-1.000000000000000000e+18
4.805843679270873464e-07,2.314989177435267109e-02,3.426601058814864635e+09,9.996287740393918720e+17,-1.000000000000000000e+18
5.710668939473349855e-07,2.315277192836245543e-02,4.072033810431669235e+09,9.995175629632312320e+17,-1.000000000000000000e+18
6.597575075699022254e-07,2.315621938024631579e-02,4.704860287992497444e+09,9.993844632934115840e+17,-1.000000000000000000e+18
7.466916957576556509e-07,2.316036390430596670e-02,5.325384714441927910e+09,9.992244745830917120e+17,-1.000000000000000000e+18
8.319042426910406733e-07,2.316535280700067131e-02,5.933918588646869659e+09,9.990319249225885440e+17,-1.000000000000000000e+18
9.154292436859569722e-07,2.317135403656325407e-02,6.530782839181859016e+09,9.988003532118654720e+17,-1.000000000000000000e+18
9.973001188360049700e-07,2.317855933808673011e-02,7.116310283083079338e+09,9.985223905739127040e+17,-1.000000000000000000e+18
1.077549626384561723e-06,2.318718749082320299e-02,7.690848392100344658e+09,9.981896397818959360e+17,-1.000000000000000000e+18
1.156209875832036836e-06,2.319748764944103842e-02,8.254762371851101875e+09,9.977925522336808960e+17,-1.000000000000000000e+18
1.233312340783552687e-06,2.320974279888987982e-02,8.808438560475524902e+09,9.973203025733576960e+17,-1.000000000000000000e+18
1.308887871542190047e-06,2.322427332236955133e-02,9.352288153460065842e+09,9.967606615698438400e+17,-1.000000000000000000e+18
1.382966707452836699e-06,2.324144067303297520e-02,9.886751260644136429e+09,9.960998683448707840e+17,-1.000000000000000000e+18
1.455578489001580232e-06,2.326165113202940601e-02,1.041230130036638641e+10,9.953225035153728000e+17,-1.000000000000000000e+18
1.526752269675483690e-06,2.328535962801614456e-02,1.092944973450369072e+10,9.944113652907541760e+17,-1.000000000000000000e+18
1.596516527587491471e-06,2.331307358614396336e-02,1.143875114703634644e+10,9.933473510507978240e+17,-1.000000000000000000e+18
1.664899176871115697e-06,2.334535676764200665e-02,1.194080866794709015e+10,9.921093474276783360e+17,-1.000000000000000000e+18
1.731927578849463058e-06,2.338283305443918797e-02,1.243627974392850113e+10,9.906741324240686080e+17,-1.000000000000000000e+18
1.797628552983070223e-06,2.342619012675519613e-02,1.292588225772404480e+10,9.890162936128394240e+17,-1.000000000000000000e+18
1.862028387600928878e-06,2.347618297530728801e-02,1.341040099914577103e+10,9.871081669721123840e+17,-1.000000000000000000e+18
1.925152850418993813e-06,2.353363718377523769e-02,1.389069449306954193e+10,9.849198013973912320e+17,-1.000000000000000000e+18
1.987027198850383782e-06,2.359945191154222063e-02,1.436770219316750908e+10,9.824189543800264960e+17,-1.000000000000000000e+18
2.047676190111398093e-06,2.367460250160898991e-02,1.484245205494068527e+10,9.795711247227450880e+17,-1.000000000000000000e+18
2.107124091127395398e-06,2.376014263411492175e-02,1.531606850788527679e+10,9.763396284471918080e+17,-1.000000000000000000e+18
2.165394688242495635e-06,2.385720594227157959e-02,1.578978085446266174e+10,9.726857241986732800e+17,-1.000000000000000000e+18
2.222511296736992995e-06,2.396700700492608235e-02,1.626493213301486969e+10,9.685687944278716160e+17,-1.000000000000000000e+18
2.278496770156284154e-06,2.409084162864949530e-02,1.674298849291411400e+10,9.639465883824953600e+17,-1.000000000000000000e+18
2.333373509455049299e-06,2.423008633243472348e-02,1.722554914306385803e+10,9.587755324257081600e+17,-1.000000000000000000e+18
2.387163471960340056e-06,2.438619695004663399e-02,1.771435694935427094e+10,9.530111123648087040e+17,-1.000000000000000000e+18
2.439888180157164457e-06,2.456070626905640375e-02,1.821130977276096344e+10,9.466083312786091520e+17,-1.000000000000000000e+18
2.491568730300080759e-06,2.475522063186818070e-02,1.871847265737671661e+10,9.395222447383325440e+17,-1.000000000000000000e+18
2.542225800854249647e-06,2.497141543284430582e-02,1.923809099667285919e+10,9.317085733002128640e+17,-1.000000000000000000e+18
2.591879660769318127e-06,2.521102945715433460e-02,1.977260482656962204e+10,9.231243897019891200e+17,-1.000000000000000000e+18
2.640550177589449564e-06,2.547585802135599389e-02,2.032466441531128693e+10,9.137288753377368320e+17,-1.000000000000000000e+18
2.688256825402741015e-06,2.576774489302909379e-02,2.089714734254161072e+10,9.034841373632768000e+17,-1.000000000000000000e+18
2.735018692633212723e-06,2.608857298699439678e-02,2.149317728320860291e+10,8.923560742797009920e+17,-1.000000000000000000e+18
2.780854489678483874e-06,2.644025385860606855e-02,2.211614473585036850e+10,8.803152741753593600e+17,-1.000000000000000000e+18
2.825782556396193252e-06,2.682471604001796656e-02,2.276972995929519272e+10,8.673379261360771840e+17,-1.000000000000000000e+18
2.869820869442157373e-06,2.724389229274468832e-02,2.345792840673321915e+10,8.534067218554398720e+17,-1.000000000000000000e+18
2.912987049463206561e-06,2.769970587866120090e-02,2.418507897139035416e+10,8.385117214184257280e+17,-1.000000000000000000e+18
2.955298368147571677e-06,2.819405598103934263e-02,2.495589538358346176e+10,8.226511548393596160e+17,-1.000000000000000000e+18
2.996771755135647218e-06,2.872880243638547063e-02,2.577550112470703125e+10,8.058321294608890880e+17,-1.000000000000000000e+18
3.037423804793892937e-06,2.930574996567229459e-02,2.664946824966032028e+10,7.880712130019932160e+17,-1.000000000000000000e+18
3.077270782854585785e-06,2.992663211891120195e-02,2.758386053534745026e+10,7.693948630809108480e+17,-1.000000000000000000e+18
3.116328632924078449e-06,3.059309516870869355e-02,2.858528139915377808e+10,7.498396765744171520e+17,-1.000000000000000000e+18
3.154612982862169129e-06,3.130668220533168455e-02,2.966092705769773483e+10,7.294524362668789760e+17,-1.000000000000000000e+18
3.192139151035132530e-06,3.206881769679909705e-02,3.081864542264151001e+10,7.082899378491297280e+17,-1.000000000000000000e+18
3.228922152444918464e-06,3.288079278170991798e-02,3.206700125685258484e+10,6.864185872940947200e+17,-1.000000000000000000e+18
3.264976704736967222e-06,3.374375155923116376e-02,3.341534814063740540e+10,6.639137666939985920e+17,-1.000000000000000000e+18
3.300317234089045212e-06,3.465867862951761691e-02,3.487390782396353149e+10,6.408589754170044160e+17,-1.000000000000000000e+18
3.334957880983460665e-06,3.562638811877789219e-02,3.645385756632799530e+10,6.173447624668803840e+17,-1.000000000000000000e+18
3.368912505864964202e-06,3.664751439656838833e-02,3.816742609092223358e+10,5.934674746895377920e+17,-1.000000000000000000e+18
3.402194694686601765e-06,3.772250465939761682e-02,4.002799880360967255e+10,5.693278534303045760e+17,-1.000000000000000000e+18
3.434817764345738716e-06,3.885161351542245484e-02,4.205023294949999237e+10,5.450295188983457280e+17,-1.000000000000000000e+18
3.466794768012426047e-06,4.003489966128878641e-02,4.425018340000545502e+10,5.206773864042163200e+17,-1.000000000000000000e+18
3.498138500352247460e-06,4.127222469562264601e-02,4.664543978053549194e+10,4.963760614786491520e+17,-1.000000000000000000e+18
3.528861502645731442e-06,4.256325406607194134e-02,4.925527566265776062e+10,4.722282614718819840e+17,-1.000000000000000000e+18
3.558976067806377738e-06,4.390746009993716503e-02,5.210081055377070618e+10,4.483333095472675840e+17,-1.000000000000000000e+18
3.588494245299309905e-06,4.530412702405790110e-02,5.520518542114616394e+10,4.247857431540693760e+17,-1.000000000000000000e+18
3.617427845962515704e-06,4.675235783932597117e-02,5.859375248458561707e+10,4.016740733712985600e+17,-1.000000000000000000e+18
3.645788446732611619e-06,4.825108288032091408e-02,6.229428000180487823e+10,3.790797243546349440e+17,-1.000000000000000000e+18
3.673587395277014484e-06,4.979906986214040210e-02,6.633717275187835693e+10,3.570761739705902080e+17,-1.000000000000000000e+18
3.700835814534380698e-06,5.139493519521123877e-02,7.075570889347604370e+10,3.357283080830826880e+17,-1.000000000000000000e+18
3.727544607165125706e-06,5.303715633502784077e-02,7.558629383503492737e+10,3.150919923794647680e+17,-1.000000000000000000e+18
3.753724459913805455e-06,5.472408492733447927e-02,8.086873170226945496e+10,2.952138575530846080e+17,-1.000000000000000000e+18
3.779385847885106005e-06,5.645396050987556286e-02,8.664651492342745972e+10,2.761312864886271040e+17,-1.000000000000000000e+18
3.804539038735150593e-06,5.822492453884385577e-02,9.296713237339141846e+10,2.578725861176620800e+17,-1.000000000000000000e+18
3.829194096779803394e-06,6.003503452070589608e-02,9.988239642317065430e+10,2.404573220092877760e+17,-1.000000000000000000e+18
3.853360887021611540e-06,6.188227804717794100e-02,1.074487891307031860e+11,2.238967906103283520e+17,-1.000000000000000000e+18
3.877049079096998136e-06,6.376458655169435497e-02,1.157278276815382233e+11,2.081946023278768320e+17,-1.000000000000000000e+18
3.900268151145287260e-06,6.567984862866886597e-02,1.247864490434269257e+11,1.933473482477629120e+17,-1.000000000000000000e+18
3.923027393601101289e-06,6.762592278115960032e-02,1.346974136368634949e+11,1.793453240368384000e+17,-1.000000000000000000e+18
3.945335912911661545e-06,6.960064948726556178e-02,1.455397276442026978e+11,1.661732862751572480e+17,-1.000000000000000000e+18
3.967202635180464000e-06,7.160186249987117446e-02,1.573990833833803406e+11,1.538112188771345600e+17,-1.000000000000000000e+18
3.988636309738802166e-06,7.362739931753975453e-02,1.703683169590942078e+11,1.422350901586752320e+17,-1.000000000000000000e+18
4.009645512646555111e-06,7.567511078588967655e-02,1.845478821754117737e+11,1.314175842746838400e+17,-1.000000000000000000e+18
4.030238650123648376e-06,7.774286980828858107e-02,2.000463394504231567e+11,1.213287939981178880e+17,-1.000000000000000000e+18
4.050423961913557430e-06,7.982857916191588021e-02,2.169808582172987366e+11,1.119368649799257280e+17,-1.000000000000000000e+18
4.070209524580202153e-06,8.193017843005123702e-02,2.354777310288796082e+11,1.032085845960248000e+17,-1.000000000000000000e+18
4.089603254739545245e-06,8.404565007382459874e-02,2.556728973069870300e+11,9.510991116524843200e+16,-1.000000000000000000e+18
4.108612912227199830e-06,8.617302467668626342e-02,2.777124743956287231e+11,8.760644165578153600e+16,-1.000000000000000000e+18
4.127246103203296491e-06,8.831038540264740666e-02,3.017532932920863647e+11,8.066381796040288000e+16,-1.000000000000000000e+18
4.145510283195869258e-06,9.045587171510061086e-02,3.279634361448418579e+11,7.424807340963860800e+16,-1.000000000000000000e+18
4.163412760083968430e-06,9.260768240695234355e-02,3.565227723258403320e+11,6.832592242180189600e+16,-1.000000000000000000e+18
4.180960697021692850e-06,9.476407799512855112e-02,3.876234896105503540e+11,6.286499708793244800e+16,-1.000000000000000000e+18
4.198161115304319848e-06,9.692338253347702881e-02,4.214706167365892944e+11,5.783403509446525600e+16,-1.000000000000000000e+18
4.215020897177668739e-06,9.908398489791292452e-02,4.582825333643751831e+11,5.320302373816579200e+16,-1.000000000000000000e+18
4.231546788591833731e-06,1.012443395965578058e-01,4.982914632356234741e+11,4.894330492887369600e+16,-1.000000000000000000e+18
4.247745401900376385e-06,1.034029671557975122e-01,5.417439461215708008e+11,4.502764604725368000e+16,-1.000000000000000000e+18
4.263623218506069448e-06,1.055584541308163260e-01,5.889012839768863525e+11,4.143028136552926400e+16,-1.000000000000000000e+18
4.279186591454238147e-06,1.077094527864001505e-01,6.400399565711459961e+11,3.812692848366694400e+16,-1.000000000000000000e+18
4.294441747974747566e-06,1.098546804907834656e-01,6.954520017615362549e+11,3.509478391169774800e+16,-1.000000000000000000e+18
4.309394791973646624e-06,1.119929188621460042e-01,7.554453555014638672e+11,3.231250156615168000e+16,-1.000000000000000000e+18
4.324051706475468146e-06,1.141230127041450992e-01,8.203441466533598633e+11,2.976015756561519600e+16,-1.000000000000000000e+18
4.338418356017161660e-06,1.162438687636673657e-01,8.904889416929020996e+11,2.741920432359610800e+16,-1.000000000000000000e+18
4.352500488994616912e-06,1.183544543408595745e-01,9.662369344585162354e+11,2.527241655868704400e+16,-1.000000000000000000e+18
4.366303739962716610e-06,1.204537957784945768e-01,1.047962076216145386e+12,2.330383148157935200e+16,-1.000000000000000000e+18
4.379833631889839982e-06,1.225409768548764156e-01,1.136055141476173096e+12,2.149868508204842800e+16,-1.000000000000000000e+18
4.393095578367716667e-06,1.246151371018091869e-01,1.230923725217580811e+12,1.984334613051150400e+16,-1.000000000000000000e+18
4.406094885777517822e-06,1.266754700666617994e-01,1.332992167443979492e+12,1.832524923016444800e+16,-1.000000000000000000e+18
4.418836755413050081e-06,1.287212215352582789e-01,1.442701401316255859e+12,1.693282800759098600e+16,-1.000000000000000000e+18
4.431326285561901103e-06,1.307516877302129787e-01,1.560508721475848877e+12,1.565544931156114000e+16,-1.000000000000000000e+18
4.443568473545371895e-06,1.327662134974104957e-01,1.686887469589065186e+12,1.448334910016720000e+16,-1.000000000000000000e+18
4.455568217718007347e-06,1.347641904915879152e-01,1.822326634603439941e+12,1.340757053362515800e+16,-1.000000000000000000e+18
4.467330319427532217e-06,1.367450553704146754e-01,1.967330365708812256e+12,1.241990465180784600e+16,-1.000000000000000000e+18
4.478859484935968442e-06,1.387082880050580225e-01,2.122417396534005859e+12,1.151283389952493000e+16,-1.000000000000000000e+18
4.490160327302708812e-06,1.406534097139744699e-01,2.288120379680790039e+12,1.067947866632212400e+16,-1.000000000000000000e+18
4.501237368230300019e-06,1.425799815255544833e-01,2.464985131294489258e+12,9.913546928791902000e+15,-1.000000000000000000e+18
4.512095039873668607e-06,1.444876024742657861e-01,2.653569785989828125e+12,9.209287019825322000e+15,-1.000000000000000000e+18
4.522737686613517434e-06,1.463759079340766212e-01,2.854443863085680176e+12,8.561443498796187000e+15,-1.000000000000000000e+18
4.533169566794605837e-06,1.482445679921824133e-01,3.068187245746764648e+12,7.965216057438152000e+15,-1.000000000000000000e+18
4.543394854429599607e-06,1.500932858653943602e-01,3.295389075277472168e+12,7.416221366419900000e+15,-1.000000000000000000e+18
4.553417640869181093e-06,1.519217963609761080e-01,3.536646563457093750e+12,6.910457745796600000e+15,-1.000000000000000000e+18
4.563241936439085223e-06,1.537298643832128997e-01,3.792563726439297363e+12,6.444272527260701000e+15,-1.000000000000000000e+18
4.572871672044711933e-06,1.555172834865675979e-01,4.063750044355657227e+12,6.014331966242594000e+15,-1.000000000000000000e+18
4.582310700743966409e-06,1.572838744759105511e-01,4.350819051357589844e+12,5.617593556397076000e+15,-1.000000000000000000e+18
4.591562799288944595e-06,1.590294840539909216e-01,4.654386861395581055e+12,5.251280596980205000e+15,-1.000000000000000000e+18
4.600631669637092492e-06,1.607539835160537167e-01,4.975070635565528320e+12,4.912858864325166000e+15,-1.000000000000000000e+18
4.609520940432436386e-06,1.624572674912768688e-01,5.313486997341572266e+12,4.600015241443279000e+15,-1.000000000000000000e+18
4.618234168457478637e-06,1.641392527305149118e-01,5.670250402460035156e+12,4.310638164182187500e+15,-1.000000000000000000e+18
4.626774840056340084e-06,1.657998769396780703e-01,6.045971470614512695e+12,4.042799747937983500e+15,-1.000000000000000000e+18
4.635146372529719124e-06,1.674390976579462897e-01,6.441255286464359375e+12,3.794739465287881500e+15,-1.000000000000000000e+18
4.643352115502224814e-06,1.690568911799125718e-01,6.856699677744500000e+12,3.564849251798952500e+15,-1.000000000000000000e+18
4.651395352262632863e-06,1.706532515206654055e-01,7.292893478491221680e+12,3.351659924447053500e+15,-1.000000000000000000e+18
4.659279301077595624e-06,1.722281894227545296e-01,7.750414785564129883e+12,3.153828804367466000e+15,-1.000000000000000000e+18
4.667007116479338843e-06,1.737817314039348804e-01,8.229829216748737305e+12,2.970128442913046500e+15,-1.000000000000000000e+18
4.674581890527857646e-06,1.753139188445465568e-01,8.731688178764948242e+12,2.799436357110213500e+15,-1.000000000000000000e+18
4.682006654048109797e-06,1.768248071133616262e-01,9.256527153485117188e+12,2.640725687496828000e+15,-1.000000000000000000e+18
4.689284377842716165e-06,1.783144647307186026e-01,9.804864010584107422e+12,2.493056697940660500e+15,-1.000000000000000000e+18
4.696417973880637625e-06,1.797829725677523027e-01,1.037719735469900977e+13,2.355569043335021500e+15,-1.000000000000000000e+18
4.703410296462317163e-06,1.812304230805326932e-01,1.097400491497741016e+13,2.227474737021451000e+15,-1.000000000000000000e+18
4.710264143361742870e-06,1.826569195779288168e-01,1.159574198463528320e+13,2.108051755387402000e+15,-1.000000000000000000e+18
4.716982256945896847e-06,1.840625755220274828e-01,1.224283991783863477e+13,1.996638222322989750e+15,-1.000000000000000000e+18
4.723567325272033024e-06,1.854475138599513129e-01,1.291570469086501367e+13,1.892627121099359500e+15,-1.000000000000000000e+18
4.730021983163224353e-06,1.868118663859385797e-01,1.361471553409975781e+13,1.795461485758805250e+15,-1.000000000000000000e+18
4.736348813262612202e-06,1.881557731325712302e-01,1.434022364097999219e+13,1.704630028295703000e+15,-1.000000000000000000e+18
4.742550347066772991e-06,1.894793817900579658e-01,1.509255095952045508e+13,1.619663161772103250e+15,-1.000000000000000000e+18
4.748629065938624765e-06,1.907828471525088998e-01,1.587198907154811133e+13,1.540129383068232500e+15,-1.000000000000000000e+18
4.754587402100271773e-06,1.920663305901617046e-01,1.667879816423584375e+13,1.465631982234468500e+15,-1.000000000000000000e+18
4.760427739606186880e-06,1.933299995465487531e-01,1.751320609797056836e+13,1.395806048404686500e+15,-1.000000000000000000e+18
4.766152415297122288e-06,1.945740270596237054e-01,1.837540757401913281e+13,1.330315744969876500e+15,-1.000000000000000000e+18
4.771763719735126335e-06,1.957985913058934435e-01,1.926556340487182422e+13,1.268851829213331250e+15,-1.000000000000000000e+18
4.777263898120047540e-06,1.970038751666328136e-01,2.018379988955611719e+13,1.211129393891699000e+15,-1.000000000000000000e+18
4.782655151187884202e-06,1.981900658152862260e-01,2.113020829562102344e+13,1.156885810327040500e+15,-1.000000000000000000e+18
4.787939636091344596e-06,1.993573543251916103e-01,2.210484444890796094e+13,1.105878854469057500e+15,-1.000000000000000000e+18
4.793119467262970167e-06,2.005059352967904773e-01,2.310772843164487109e+13,1.057884999109604875e+15,-1.000000000000000000e+18
4.798196717261163042e-06,2.016360065035153748e-01,2.413884438883283984e+13,1.012697856997425250e+15,-1.000000000000000000e+18
4.803173417599459242e-06,2.027477685555754972e-01,2.519814044234514062e+13,9.701267610230207500e+14,-1.000000000000000000e+18
4.808051559559381307e-06,2.038414245808890524e-01,2.628552871162755469e+13,9.299954689343076250e+14,-1.000000000000000000e+18
4.812833094987190521e-06,2.049171799224363821e-01,2.740088543937895703e+13,8.921409812146566250e+14,-1.000000000000000000e+18
4.817519937074861452e-06,2.059752418513358108e-01,2.854405122011024609e+13,8.564124618165857500e+14,-1.000000000000000000e+18
4.822113961125588828e-06,2.070158192949696219e-01,2.971483132902387500e+13,8.226702524068121250e+14,-1.000000000000000000e+18
4.826617005304137601e-06,2.080391225795132637e-01,3.091299614823356641e+13,7.907849716503928750e+14,-1.000000000000000000e+18
4.831030871372329278e-06,2.090453631862433936e-01,3.213828168694894531e+13,7.606366918517865000e+14,-1.000000000000000000e+18
4.835357325409964369e-06,2.100347535210267957e-01,3.339039019189412500e+13,7.321141859861312500e+14,-1.000000000000000000e+18
4.839598098521468940e-06,2.110075066964139656e-01,3.466899084390431641e+13,7.051142388020863750e+14,-1.000000000000000000e+18
4.843754887528544792e-06,2.119638363257826674e-01,3.597372053635479688e+13,6.795410162643701250e+14,-1.000000000000000000e+18
4.847829355649103644e-06,2.129039563290003045e-01,3.730418473082590625e+13,6.553054881353801250e+14,-1.000000000000000000e+18
4.851823133162753808e-06,2.138280807490930691e-01,3.865995838518884375e+13,6.323248989763673750e+14,-1.000000000000000000e+18
4.855737818063111275e-06,2.147364235794322895e-01,4.004058694911897656e+13,6.105222832841385000e+14,-1.000000000000000000e+18
4.859574976697188467e-06,2.156291986009647166e-01,4.144558742189275781e+13,5.898260208737231250e+14,-1.000000000000000000e+18
4.863336144392122382e-06,2.165066192290358571e-01,4.287444946721765625e+13,5.701694289744980000e+14,-1.000000000000000000e+18
4.867022826069493709e-06,2.173688983693720655e-01,4.432663657976524219e+13,5.514903878307198750e+14,-1.000000000000000000e+18
4.870636496847473237e-06,2.182162482828028105e-01,4.580158729802764062e+13,5.337309968904198125e+14,-1.000000000000000000e+18
4.874178602631049656e-06,2.190488804583260452e-01,4.729871645811225781e+13,5.168372589318743125e+14,-1.000000000000000000e+18
4.877650560690566611e-06,2.198670054941318230e-01,4.881741648309628125e+13,5.007587897174235625e+14,-1.000000000000000000e+18
4.881053760228801099e-06,2.206708329862164530e-01,5.035705870260889062e+13,4.854485509822598750e+14,-1.000000000000000000e+18
4.884389562936811899e-06,2.214605714242348644e-01,5.191699469737875000e+13,4.708626047633096250e+14,-1.000000000000000000e+18
4.887659303538783350e-06,2.222364280942544235e-01,5.349655766357869531e+13,4.569598872523976250e+14,-1.000000000000000000e+18
4.890864290326072850e-06,2.229986089880837685e-01,5.509506379190912500e+13,4.437020005203216250e+14,-1.000000000000000000e+18
4.894005805680687379e-06,2.237473187188688539e-01,5.671181365650825000e+13,4.310530206056758125e+14,-1.000000000000000000e+18
4.897085106588390650e-06,2.244827604426572476e-01,5.834609360892272656e+13,4.189793205959993750e+14,-1.000000000000000000e+18
4.900103425141650942e-06,2.252051357856466318e-01,5.999717717254975000e+13,4.074494074500805000e+14,-1.000000000000000000e+18
4.903061969032624441e-06,2.259146447768432542e-01,6.166432643314169531e+13,3.964337714204236250e+14,-1.000000000000000000e+18
4.905961922036379068e-06,2.266114857858704534e-01,6.334679342117029688e+13,3.859047470348537500e+14,-1.000000000000000000e+18
4.908804444484547676e-06,2.272958554656761276e-01,6.504382148205021875e+13,3.758363846871454375e+14,-1.000000000000000000e+18
4.911590673729602056e-06,2.279679486998998916e-01,6.675464663044299219e+13,3.662043319691204375e+14,-1.000000000000000000e+18
4.914321724599929861e-06,2.286279585546692750e-01,6.847849888508429688e+13,3.569857239517436875e+14,-1.000000000000000000e+18
4.916998689845899940e-06,2.292760762346066905e-01,7.021460358081176562e+13,3.481590816909989375e+14,-1.000000000000000000e+18
4.919622640577097362e-06,2.299124910428369528e-01,7.196218265470478125e+13,3.397042182964330000e+14,-1.000000000000000000e+18
4.922194626690893280e-06,2.305373903447925088e-01,7.372045590347528125e+13,3.316021519568276250e+14,-1.000000000000000000e+18
4.924715677292533473e-06,2.311509595356262825e-01,7.548864220950026562e+13,3.238350253688405000e+14,-1.000000000000000000e+18
4.927186801106903922e-06,2.317533820110461162e-01,7.726596073310790625e+13,3.163860310614026875e+14,-1.000000000000000000e+18
4.929608986882142016e-06,2.323448391413953651e-01,7.905163206897265625e+13,3.092393421513142500e+14,-1.000000000000000000e+18
4.931983203785255990e-06,2.329255102488114459e-01,8.084487936470420312e+13,3.023800481044133750e+14,-1.000000000000000000e+18
4.934310401789908472e-06,2.334955725873008869e-01,8.264492939993914062e+13,2.957940951121948125e+14,-1.000000000000000000e+18
4.936591512056521669e-06,2.340552013255772779e-01,8.445101362447025000e+13,2.894682307261130000e+14,-1.000000000000000000e+18
4.938827447304851582e-06,2.346045695325138791e-01,8.626236915415801562e+13,2.833899524213688750e+14,-1.000000000000000000e+18
4.941019102179189655e-06,2.351438481650723333e-01,8.807823972358985938e+13,2.775474597889112188e+14,-1.000000000000000000e+18
4.943167353606326518e-06,2.356732060585703392e-01,8.989787659463753125e+13,2.719296100790739375e+14,-1.000000000000000000e+18
4.945273061146428608e-06,2.361928099191615560e-01,9.172053942027200000e+13,2.665258768427232500e+14,-1.000000000000000000e+18
4.947337067336967432e-06,2.367028243184049752e-01,9.354549706317475000e+13,2.613263114363855000e+14,-1.000000000000000000e+18
4.949360198029833592e-06,2.372034116898051603e-01,9.537202836885576562e+13,2.563215071766480938e+14,-1.000000000000000000e+18
4.951343262721781285e-06,2.376947323272136647e-01,9.719942289317135938e+13,2.515025659462956562e+14,-1.000000000000000000e+18
4.953287054878320988e-06,2.381769443849819645e-01,9.902698158426960938e+13,2.468610670704554375e+14,-1.000000000000000000e+18
4.955192352251204355e-06,2.386502038797666259e-01,1.008540174191667969e+14,2.423890382953756875e+14,-1.000000000000000000e+18
4.957059917189618188e-06,2.391146646938870912e-01,1.026798559952740781e+14,2.380789287157286875e+14,-1.000000000000000000e+18
4.958890496945214557e-06,2.395704785801439640e-01,1.045038360773352656e+14,2.339235835084031875e+14,-1.000000000000000000e+18
4.960684823971104110e-06,2.400177951680100286e-01,1.063253101003586875e+14,2.299162203418410625e+14,-1.000000000000000000e+18
4.962443616214924393e-06,2.404567619711075466e-01,1.081436446292239844e+14,2.260504073401797812e+14,-1.000000000000000000e+18
4.964167577406106836e-06,2.408875243958929213e-01,1.099582207757595781e+14,2.223200424907653438e+14,-1.000000000000000000e+18
4.965857397337451685e-06,2.413102257514700977e-01,1.117684345741659844e+14,2.187193343921982500e+14,-1.000000000000000000e+18
4.967513752141130296e-06,2.417250072604613942e-01,1.135736973157560781e+14,2.152427842479184062e+14,-1.000000000000000000e+18
4.969137304559218987e-06,2.421320080708639355e-01,1.153734358440429062e+14,2.118851690175916562e+14,-1.000000000000000000e+18
4.970728704208876259e-06,2.425313652688263488e-01,1.171670928112825156e+14,2.086415256451851250e+14,-1.000000000000000000e+18
4.972288587842266713e-06,2.429232138922813311e-01,1.189541268976285156e+14,2.055071362887414688e+14,-1.000000000000000000e+18
4.973817579601340934e-06,2.433076869453751623e-01,1.207340129941140625e+14,2.024775144824645625e+14,-1.000000000000000000e+18
4.975316291267567065e-06,2.436849154136349060e-01,1.225062423507057969e+14,1.995483921669245938e+14,-1.000000000000000000e+18
4.976785322506716552e-06,2.440550282798195358e-01,1.242703226907184844e+14,1.967157075279332500e+14,-1.000000000000000000e+18
4.978225261108804014e-06,2.444181525404029998e-01,1.260257782929061562e+14,1.939755935890249688e+14,-1.000000000000000000e+18
4.979636683223271868e-06,2.447744132226385427e-01,1.277721500425586094e+14,1.913243675065353750e+14,-1.000000000000000000e+18
4.981020153589523903e-06,2.451239334021597105e-01,1.295089954529654844e+14,1.887585205199610625e+14,-1.000000000000000000e+18
4.982376225762885711e-06,2.454668342210696574e-01,1.312358886585897344e+14,1.862747085137658125e+14,-1.000000000000000000e+18
4.983705442336094494e-06,2.458032349064789290e-01,1.329524203813290469e+14,1.838697431499153750e+14,-1.000000000000000000e+18
4.985008335156403764e-06,2.461332527894510291e-01,1.346581978712236719e+14,1.815405835333757188e+14,-1.000000000000000000e+18
4.986285425538382590e-06,2.464570033243151659e-01,1.363528448229587812e+14,1.792843283755154062e+14,-1.000000000000000000e+18
4.987537224472509316e-06,2.467746001083134799e-01,1.380360012695270469e+14,1.770982086228061875e+14,-1.000000000000000000e+18
4.988764232829624989e-06,2.470861549015437031e-01,1.397073234543610781e+14,1.749795805205790312e+14,-1.000000000000000000e+18
4.989966941561344737e-06,2.473917776471684371e-01,1.413664836832731875e+14,1.729259190836599062e+14,-1.000000000000000000e+18
4.991145831896496574e-06,2.476915764918575236e-01,1.430131701574832188e+14,1.709348119477271562e+14,-1.000000000000000000e+18
4.992301375533673162e-06,2.479856578064353057e-01,1.446470867890158438e+14,1.690039535770235312e+14,-1.000000000000000000e+18
4.993434034829965150e-06,2.482741262067033050e-01,1.462679529997003750e+14,1.671311398057681875e+14,-1.000000000000000000e+18
4.994544262985962487e-06,2.485570845744139168e-01,1.478755035050057188e+14,1.653142626921411875e+14,-1.000000000000000000e+18
4.995632504227088088e-06,2.488346340783685884e-01,1.494694880838824375e+14,1.635513056651960312e+14,-1.000000000000000000e+18
4.996699193981342607e-06,2.491068741956175003e-01,1.510496713357751875e+14,1.618403389463663750e+14,-1.000000000000000000e+18
4.997744759053526416e-06,2.493739027327377400e-01,1.526158324259173750e+14,1.601795152284952188e+14,-1.000000000000000000e+18
4.998769617796014995e-06,2.496358158471700950e-01,1.541677648200028750e+14,1.585670655964476250e+14,-1.000000000000000000e+18
4.999774180276149587e-06,2.498927080685933722e-01,1.557052760092730312e+14,1.570012956744565625e+14,-1.000000000000000000e+18
5.000000000000000409e-06,2.499504785525455686e-01,1.560531413026204375e+14,1.566513167860128438e+14,0.000000000000000000e+00
5.001000000000000061e-06,2.502063042304515927e-01,1.576029618596784375e+14,1.551108542476445312e+14,1.000000000000000000e+18
5.002020204081632534e-06,2.504671307875719899e-01,1.591989253481592500e+14,1.535558732032563438e+14,1.000000000000000000e+18
5.003061020449812673e-06,2.507330524118603354e-01,1.608427040407043750e+14,1.519865639201891250e+14,1.000000000000000000e+18
5.004122865556860121e-06,2.510041649146838583e-01,1.625360436629832500e+14,1.504031306865120938e+14,1.000000000000000000e+18
5.005206164269131033e-06,2.512805657522142466e-01,1.642807671847896250e+14,1.488057920889897188e+14,1.000000000000000000e+18
5.006311350037017584e-06,2.515623540467858965e-01,1.660787788339529062e+14,1.471947812816515000e+14,1.000000000000000000e+18
5.007438865068377969e-06,2.518496306081992042e-01,1.679320683476417812e+14,1.455703462439279062e+14,1.000000000000000000e+18
5.008589160505473961e-06,2.521424979549518053e-01,1.698427154767047500e+14,1.439327500272606250e+14,1.000000000000000000e+18
5.009762696605482101e-06,2.524410603353731131e-01,1.718128947598030938e+14,1.422822709890760000e+14,1.000000000000000000e+18
5.010959942924653909e-06,2.527454237486401190e-01,1.738448805853205625e+14,1.406192030129674844e+14,1.000000000000000000e+18
5.012181378506192873e-06,2.530556959656484195e-01,1.759410525603321562e+14,1.389438557139103594e+14,1.000000000000000000e+18
5.013427492071930384e-06,2.533719865497138235e-01,1.781039012073545312e+14,1.372565546272838906e+14,1.000000000000000000e+18
5.014698782217873451e-06,2.536944068770761729e-01,1.803360340111101875e+14,1.355576413804623438e+14,1.000000000000000000e+18
5.015995757613703836e-06,2.540230701571767336e-01,1.826401818392005000e+14,1.338474738457014219e+14,1.000000000000000000e+18
5.017318937206307361e-06,2.543580914526776260e-01,1.850192057623625312e+14,1.321264262730262500e+14,1.000000000000000000e+18
5.018668850427414722e-06,2.546995876991916541e-01,1.874761043019154062e+14,1.303948894018038594e+14,1.000000000000000000e+18
5.020046037405437647e-06,2.550476777246878934e-01,1.900140211340903750e+14,1.286532705496643906e+14,1.000000000000000000e+18
5.021451049181588514e-06,2.554024822685381224e-01,1.926362532831999375e+14,1.269019936774166406e+14,1.000000000000000000e+18
5.022884447930359629e-06,2.557641240001637395e-01,1.953462598380176250e+14,1.251414994286106406e+14,1.000000000000000000e+18
5.024346807184462997e-06,2.561327275372459744e-01,1.981476712284268750e+14,1.233722451423639375e+14,1.000000000000000000e+18
5.025838712064312720e-06,2.565084194634555392e-01,2.010442991022221875e+14,1.215947048380923438e+14,1.000000000000000000e+18
5.027360759512142365e-06,2.568913283456578101e-01,2.040401468450623750e+14,1.198093691707781094e+14,1.000000000000000000e+18
5.028913558530857240e-06,2.572815847505481868e-01,2.071394207899513750e+14,1.180167453554099219e+14,1.000000000000000000e+18
5.030497730427705447e-06,2.576793212606658945e-01,2.103465421662307812e+14,1.162173570592645156e+14,1.000000000000000000e+18
5.032113909062877815e-06,2.580846724897377098e-01,2.136661598420726250e+14,1.144117442606907344e+14,1.000000000000000000e+18
5.033762741103127355e-06,2.584977750972956012e-01,2.171031639187099688e+14,1.126004630731086562e+14,1.000000000000000000e+18
5.035444886280516645e-06,2.589187678025128281e-01,2.206627002393356562e+14,1.107840855329512656e+14,1.000000000000000000e+18
5.037161017656388031e-06,2.593477913971969362e-01,2.243501858806281875e+14,1.089631993503340938e+14,1.000000000000000000e+18
5.038911821890670122e-06,2.597849887578784212e-01,2.281713257003988750e+14,1.071384076212674531e+14,1.000000000000000000e+18
5.040697999516624790e-06,2.602305048569287238e-01,2.321321300208090000e+14,1.053103285002946719e+14,1.000000000000000000e+18
5.042520265221143924e-06,2.606844867726381132e-01,2.362389335331143125e+14,1.034795948325000625e+14,1.000000000000000000e+18
5.044379348130713681e-06,2.611470836981825139e-01,2.404984155169818125e+14,1.016468537438962812e+14,1.000000000000000000e+18
5.046275992103150421e-06,2.616184469494001186e-01,2.449176214750896250e+14,9.981276618929820312e+13,1.000000000000000000e+18
5.048210956025234533e-06,2.620987299713009033e-01,2.495039862921476562e+14,9.797800645686007812e+13,1.000000000000000000e+18
5.050185014116356498e-06,2.625880883432240021e-01,2.542653590365795938e+14,9.614326162856675000e+13,1.000000000000000000e+18
5.052198956238298864e-06,2.630866797825556214e-01,2.592100295330760938e+14,9.430923099607143750e+13,1.000000000000000000e+18
5.054253588211276940e-06,2.635946641469154028e-01,2.643467568450745000e+14,9.247662543139395312e+13,1.000000000000000000e+18
5.056349732136361893e-06,2.641122034347139214e-01,2.696847998180517500e+14,9.064616671212253125e+13,1.000000000000000000e+18
5.058488226724423445e-06,2.646394617839829544e-01,2.752339498474634688e+14,8.881858680088990625e+13,1.000000000000000000e+18
5.060669927631712472e-06,2.651766054693692753e-01,2.810045660492122500e+14,8.699462707905923438e+13,1.000000000000000000e+18
5.062895707802230877e-06,2.657238028971847243e-01,2.870076130259911875e+14,8.517503753469054688e+13,1.000000000000000000e+18
5.065166457817010703e-06,2.662812245983928183e-01,2.932547014396002500e+14,8.336057590504842188e+13,1.000000000000000000e+18
5.067483086250456660e-06,2.668490432194144391e-01,2.997581316178004375e+14,8.155200677406300000e+13,1.000000000000000000e+18
5.069846520033884198e-06,2.674274335106217593e-01,3.065309404443156875e+14,7.975010062536029688e+13,1.000000000000000000e+18
5.072257704826405585e-06,2.680165723123902333e-01,3.135869518026385625e+14,7.795563285165729688e+13,1.000000000000000000e+18
5.074717605393306305e-06,2.686166385385673760e-01,3.209408308683316875e+14,7.616938272152823438e+13,1.000000000000000000e+18
5.077227205992069309e-06,2.692278131572141131e-01,3.286081425709153750e+14,7.439213230474760938e+13,1.000000000000000000e+18
5.079787510766194513e-06,2.698502791684644908e-01,3.366054145752606250e+14,7.262466535764046875e+13,1.000000000000000000e+18
5.082399544146981255e-06,2.704842215793471505e-01,3.449502051640936250e+14,7.086776617008023438e+13,1.000000000000000000e+18
5.085064351263420247e-06,2.711298273753982024e-01,3.536611764378212500e+14,6.912221837601762500e+13,1.000000000000000000e+18
5.087782998360375426e-06,2.717872854888946921e-01,3.627581732860094375e+14,6.738880372963488281e+13,1.000000000000000000e+18
5.090556573225207353e-06,2.724567867635233065e-01,3.722623086264632500e+14,6.566830084947559375e+13,1.000000000000000000e+18
5.093386185623022784e-06,2.731385239152969713e-01,3.821960554537381875e+14,6.396148393311764062e+13,1.000000000000000000e+18
5.096272967740712210e-06,2.738326914895164998e-01,3.925833462890931250e+14,6.226912144521171094e+13,1.000000000000000000e+18
5.099218074639963406e-06,2.745394858135729588e-01,4.034496806791818125e+14,6.059197478193055469e+13,1.000000000000000000e+18
5.102222684719423786e-06,2.752591049453698702e-01,4.148222414513765000e+14,5.893079691512172656e+13,1.000000000000000000e+18
5.105288000186203830e-06,2.759917486171408196e-01,4.267300205003487500e+14,5.728633101967889844e+13,1.000000000000000000e+18
5.108415247536904555e-06,2.767376181744235497e-01,4.392039549537985000e+14,5.565930908788226562e+13,1.000000000000000000e+18
5.111605678048364690e-06,2.774969165099430701e-01,4.522770746458923750e+14,5.405045053467325000e+13,1.000000000000000000e+18
5.114860568278321519e-06,2.782698479921447143e-01,4.659846619156805000e+14,5.246046079804446094e+13,1.000000000000000000e+18
5.118181220576189537e-06,2.790566183881077467e-01,4.803644248454475625e+14,5.089002993892431250e+13,1.000000000000000000e+18
5.121568963604157663e-06,2.798574347805564688e-01,4.954566851614526875e+14,4.933983124512875000e+13,1.000000000000000000e+18
5.125025152868813371e-06,2.806725054786739504e-01,5.113045821379628750e+14,4.781051984412635156e+13,1.000000000000000000e+18
5.128551171263509747e-06,2.815020399224123504e-01,5.279542939759806875e+14,4.630273132952049219e+13,1.000000000000000000e+18
5.132148429621690611e-06,2.823462485799780874e-01,5.454552782718485000e+14,4.481708040629611719e+13,1.000000000000000000e+18
5.135818367281393926e-06,2.832053428381571258e-01,5.638605333494353750e+14,4.335415955999892969e+13,1.000000000000000000e+18
5.139562452661160514e-06,2.840795348851315461e-01,5.832268824044230000e+14,4.191453775511279688e+13,1.000000000000000000e+18
5.143382183847580151e-06,2.849690375854234126e-01,6.036152826020068750e+14,4.049875916797599219e+13,1.000000000000000000e+18
5.147279089194704600e-06,2.858740643465851883e-01,6.250911614819847500e+14,3.910734195962869531e+13,1.000000000000000000e+18
5.151254727935577445e-06,2.867948289772427328e-01,6.477247832599886250e+14,3.774077709399953125e+13,1.000000000000000000e+18
5.155310690806112818e-06,2.877315455360754393e-01,6.715916478725275000e+14,3.639952720683975781e+13,1.000000000000000000e+18
5.159448600681583065e-06,2.886844281713057403e-01,6.967729258995746250e+14,3.508402553076605078e+13,1.000000000000000000e+18
5.163670113225966057e-06,2.896536909502487878e-01,7.233559328140536250e+14,3.379467488170753906e+13,1.000000000000000000e+18
5.167976917554408817e-06,2.906395476784539578e-01,7.514346463561682500e+14,3.253184671194759375e+13,1.000000000000000000e+18
5.172370736909079338e-06,2.916422117079546239e-01,7.811102712155432500e+14,3.129588023480875781e+13,1.000000000000000000e+18
5.176853329348670885e-06,2.926618957341167726e-01,8.124918556292202500e+14,3.008708162585937891e+13,1.000000000000000000e+18
5.181426488451838299e-06,2.936988115805609367e-01,8.456969649731830000e+14,2.890572330530734766e+13,1.000000000000000000e+18
5.186092044034844959e-06,2.947531699716077758e-01,8.808524179436870000e+14,2.775204330600249219e+13,1.000000000000000000e+18
5.190851862883712659e-06,2.958251802916768147e-01,9.180950914975483750e+14,2.662624473118503906e+13,1.000000000000000000e+18
5.195707849501158969e-06,2.969150503310439837e-01,9.575728013530865000e+14,2.552849530580339844e+13,1.000000000000000000e+18
5.200661946868631283e-06,2.980229860173405076e-01,9.994452655521931250e+14,2.445892702486739062e+13,1.000000000000000000e+18
5.205716137223732285e-06,2.991491911321513819e-01,1.043885159355240250e+15,2.341763590192146094e+13,1.000000000000000000e+18
5.210872442853354498e-06,3.002938670120458564e-01,1.091079270592271500e+15,2.240468182029912109e+13,1.000000000000000000e+18
5.216132926902840694e-06,3.014572122333487036e-01,1.141229765533763500e+15,2.142008848937193359e+13,1.000000000000000000e+18
5.221499694201490350e-06,3.026394222799318467e-01,1.194555576381270000e+15,2.046384350752781250e+13,1.000000000000000000e+18
5.226974892104745017e-06,3.038406891932806664e-01,1.251293922622149250e+15,1.953589853310720312e+13,1.000000000000000000e+18
5.232560711353392293e-06,3.050612012040629373e-01,1.311701979753667500e+15,1.863616956399717578e+13,1.000000000000000000e+18
5.238259386950123791e-06,3.063011423443965930e-01,1.376058710271300750e+15,1.776453732603648828e+13,1.000000000000000000e+18
5.244073199053809658e-06,3.075606920399883704e-01,1.444666873346690500e+15,1.692084776981540430e+13,1.000000000000000000e+18
5.250004473891836067e-06,3.088400246812826877e-01,1.517855231304803750e+15,1.610491267487942773e+13,1.000000000000000000e+18
5.256055584690874997e-06,3.101393091727331353e-01,1.595980972862302500e+15,1.531651035975554492e+13,1.000000000000000000e+18
5.262228952626466608e-06,3.114587084592811972e-01,1.679432375124399250e+15,1.455538649562766211e+13,1.000000000000000000e+18
5.268527047791776756e-06,3.127983790290908561e-01,1.768631728571106500e+15,1.382125502089910547e+13,1.000000000000000000e+18
5.274952390185937056e-06,3.141584703915685783e-01,1.864038551713577500e+15,1.311379915328823047e+13,1.000000000000000000e+18
5.281507550722346974e-06,3.155391245296599312e-01,1.966153124782738750e+15,1.243267249553069531e+13,1.000000000000000000e+18
5.288195152257349602e-06,3.169404753253919349e-01,2.075520374745226500e+15,1.177750023019673242e+13,1.000000000000000000e+18
5.295017870639691926e-06,3.183626479576008306e-01,2.192734147142593000e+15,1.114788039859069531e+13,1.000000000000000000e+18
5.301978435781188028e-06,3.198057582707596325e-01,2.318441903737549500e+15,1.054338525818316602e+13,1.000000000000000000e+18
5.309079632749012110e-06,3.212699121137933544e-01,2.453349888743164500e+15,9.963562712538677734e+12,1.000000000000000000e+18
5.316324302880063516e-06,3.227552046477521475e-01,2.598228810524332000e+15,9.407937807249560547e+12,1.000000000000000000e+18
5.323715344917844187e-06,3.242617196211874386e-01,2.753920090110042500e+15,8.876014284974638672e+12,1.000000000000000000e+18
5.331255716172306803e-06,3.257895286120640610e-01,2.921342732653296500e+15,8.367276192312229492e+12,1.000000000000000000e+18
5.338948433703135251e-06,3.273386902350260419e-01,3.101500883131238000e+15,7.881189530916740234e+12,1.000000000000000000e+18
5.346796575526933437e-06,3.289092493128282224e-01,3.295492133095894000e+15,7.417203944998953125e+12,1.000000000000000000e+18
5.354803281848804414e-06,3.305012360107429381e-01,3.504516651162924500e+15,6.974754437136457031e+12,1.000000000000000000e+18
5.362971756318811108e-06,3.321146649327544886e-01,3.729887216151352000e+15,6.553263104164492188e+12,1.000000000000000000e+18
5.371305267313823460e-06,3.337495341783702218e-01,3.973040238339531500e+15,6.152140884820997070e+12,1.000000000000000000e+18
5.379807149245266150e-06,3.354058243588965982e-01,4.235547861145783500e+15,5.770789310784935547e+12,1.000000000000000000e+18
5.388480803893282728e-06,3.370834975720627957e-01,4.519131242623051000e+15,5.408602252775138672e+12,1.000000000000000000e+18
5.397329701767861662e-06,3.387824963339230999e-01,4.825675123402442000e+15,5.064967653466563477e+12,1.000000000000000000e+18
5.406357383497457065e-06,3.405027424670272196e-01,5.157243795027951000e+15,4.739269239135006836e+12,1.000000000000000000e+18
5.415567461245670784e-06,3.422441359439320485e-01,5.516098589864397000e+15,4.430888202154824219e+12,1.000000000000000000e+18
5.424963620156552338e-06,3.440065536852221495e-01,5.904717020758885000e+15,4.139204846749332520e+12,1.000000000000000000e+18
5.434549619829102864e-06,3.457898483113359678e-01,6.325813705178900000e+15,3.863600190724427734e+12,1.000000000000000000e+18
5.444329295821568362e-06,3.475938468476396648e-01,6.782363214363505000e+15,3.603457516302291992e+12,1.000000000000000000e+18
5.454306561186127021e-06,3.494183493823755926e-01,7.277624992773637000e+15,3.358163863608230957e+12,1.000000000000000000e+18
5.464485408034581341e-06,3.512631276773267031e-01,7.815170496400639000e+15,3.127111460846614746e+12,1.000000000000000000e+18
5.474869909135688632e-06,3.531279237312990871e-01,8.398912699790786000e+15,2.909699085725874512e+12,1.000000000000000000e+18
5.485464219544756691e-06,3.550124482968233797e-01,9.033138120365634000e+15,2.705333353253371094e+12,1.000000000000000000e+18
5.496272578266171266e-06,3.569163793508376425e-01,9.722541504052548000e+15,2.513429925611180664e+12,1.000000000000000000e+18
5.507299309949508386e-06,3.588393605205247305e-01,1.047226330753700200e+16,2.333414640439750977e+12,1.000000000000000000e+18
5.518548826619916795e-06,3.607809994659624264e-01,1.128793009862457000e+16,2.164724554489249756e+12,1.000000000000000000e+18
5.530025629443462512e-06,3.627408662217996849e-01,1.217569797610459400e+16,2.006808900243547363e+12,1.000000000000000000e+18
5.541734310528136872e-06,3.647184915008149231e-01,1.314229908282097600e+16,1.859129953771717773e+12,1.000000000000000000e+18
5.553679554761256489e-06,3.667133649629459868e-01,1.419509124887859400e+16,1.721163812710051025e+12,1.000000000000000000e+18
5.565866141683983592e-06,3.687249334542214707e-01,1.534211075435328000e+16,1.592401083918059814e+12,1.000000000000000000e+18
5.578298947403721434e-06,3.707525992209751986e-01,1.659212814065589000e+16,1.472347480977645996e+12,1.000000000000000000e+18
5.590982946545143728e-06,3.727957181058064173e-01,1.795470692476648400e+16,1.360524332310214355e+12,1.000000000000000000e+18
5.603923214240647534e-06,3.748535977329663926e-01,1.944026497869312400e+16,1.256469001265771973e+12,1.000000000000000000e+18
5.617124928161019882e-06,3.769254956922180599e-01,2.106013822538138800e+16,1.159735220086318115e+12,1.000000000000000000e+18
5.630593370587130435e-06,3.790106177317426051e-01,2.282664616951133200e+16,1.069893340157811157e+12,1.000000000000000000e+18
5.644333930523482826e-06,3.811081159723671008e-01,2.475315862478661600e+16,9.865305014368133545e+11,1.000000000000000000e+18
5.658352105854467475e-06,3.832170871572643245e-01,2.685416281619814400e+16,9.092507243659910889e+11,1.000000000000000000e+18
5.672653505544180684e-06,3.853365709533437822e-01,2.914532982436961200e+16,8.376749279739016113e+11,1.000000000000000000e+18
5.687243851880685868e-06,3.874655483228101605e-01,3.164357909797662800e+16,7.714408781868398438e+11,1.000000000000000000e+18
5.702128982765622387e-06,3.896029399858169651e-01,3.436713948861244000e+16,7.102030706622087402e+11,1.000000000000000000e+18
5.717314854050070844e-06,3.917476049977816621e-01,3.733560496059651200e+16,6.536325526832703857e+11,1.000000000000000000e+18
5.732807541917613365e-06,3.938983394677436078e-01,4.056998279771833600e+16,6.014166888337819824e+11,1.000000000000000000e+18
5.748613245315540931e-06,3.960538754471209510e-01,4.409273177317406400e+16,5.532588752985996094e+11,1.000000000000000000e+18
5.764738288435181838e-06,3.982128800213252107e-01,4.792778737363718400e+16,5.088782077138416748e+11,1.000000000000000000e+18
5.781189123242341476e-06,4.003739546398851767e-01,5.210057078189033600e+16,4.680091075193874512e+11,1.000000000000000000e+18
5.797972332058870714e-06,4.025356347239594235e-01,5.663797793638888000e+16,4.304009117495432129e+11,1.000000000000000000e+18
5.815094630196386945e-06,4.046963895933082256e-01,6.156834461594179200e+16,3.958174311374493408e+11,1.000000000000000000e+18
5.832562868643211672e-06,4.068546227578686003e-01,6.692138316305015200e+16,3.640364813082365112e+11,1.000000000000000000e+18
5.850384036805595285e-06,4.090086726219138713e-01,7.272808618454660800e+16,3.348493916987459106e+11,1.000000000000000000e+18
5.868565265304320849e-06,4.111568136512637750e-01,7.902059238200265600e+16,3.080604966714585571e+11,1.000000000000000000e+18
5.887113828827816002e-06,4.132972580559840514e-01,8.583200960049691200e+16,2.834866130911624756e+11,1.000000000000000000e+18
5.906037149042908835e-06,4.154281580423073161e-01,9.319619028046236800e+16,2.609565084090301819e+11,1.000000000000000000e+18
5.925342797564388184e-06,4.175476086879241766e-01,1.011474547943354080e+17,2.403103630542876587e+11,1.000000000000000000e+18
5.945038498984566892e-06,4.196536514941281437e-01,1.097202586900724800e+17,2.213992306727648621e+11,1.000000000000000000e+18
5.965132133964050821e-06,4.217442786663143095e-01,1.189488006890555360e+17,2.040844994785028687e+11,1.000000000000000000e+18
5.985631742384957069e-06,4.238174381708089133e-01,1.288665694346132640e+17,1.882373577031701965e+11,1.000000000000000000e+18
6.006545526567836679e-06,4.258710396107027174e-01,1.395058284899741760e+17,1.737382658422132263e+11,1.000000000000000000e+18
6.027881854553595274e-06,4.279029609560639491e-01,1.508970409596713920e+17,1.604764381099654541e+11,1.000000000000000000e+18
6.049649263451719433e-06,4.299110561544184916e-01,1.630682373579481600e+17,1.483493352317401123e+11,1.000000000000000000e+18
6.071856462856152190e-06,4.318931636355638481e-01,1.760443329510522880e+17,1.372621704222179871e+11,1.000000000000000000e+18
6.094512338330184793e-06,4.338471157105365794e-01,1.898464037095088000e+17,1.271274301289445801e+11,1.000000000000000000e+18
6.117625954961753828e-06,4.357707488478818059e-01,2.044909331418179200e+17,1.178644108598157959e+11,1.000000000000000000e+18
6.141206560990572673e-06,4.376619147913718977e-01,2.199890455280969920e+17,1.093987731660610046e+11,1.000000000000000000e+18
6.165263591508545699e-06,4.395184924622089762e-01,2.363457442809827200e+17,1.016621136191014709e+11,1.000000000000000000e+18
6.189806672234943297e-06,4.413384005658783638e-01,2.535591771483909120e+17,9.459155540205944824e+10,1.000000000000000000e+18
6.214845623367853908e-06,4.431196107996990263e-01,2.716199525278029440e+17,8.812935793559063721e+10,1.000000000000000000e+18
6.240390463513449590e-06,4.448601615323913294e-01,2.905105330564541440e+17,8.222254577376136780e+10,1.000000000000000000e+18
6.266451413694639746e-06,4.465581718024563274e-01,3.102047336447704320e+17,7.682255683921929932e+10,1.000000000000000000e+18
6.293038901440715596e-06,4.482118554587480319e-01,3.306673510149642240e+17,7.188490991797781372e+10,1.000000000000000000e+18
6.320163564959620177e-06,4.498195352453546181e-01,3.518539504117760640e+17,6.736889120254985809e+10,1.000000000000000000e+18
6.347836257394518451e-06,4.513796566148538525e-01,3.737108323443997440e+17,6.323725955750035858e+10,1.000000000000000000e+18
6.376068051166366663e-06,4.528908010402647455e-01,3.961751979526920960e+17,5.945597008312248993e+10,1.000000000000000000e+18
6.404870242404218227e-06,4.543516985875978853e-01,4.191755259179616640e+17,5.599391547008503723e+10,1.000000000000000000e+18
6.434254355465038111e-06,4.557612395087102808e-01,4.426321669172876800e+17,5.282268456962887573e+10,1.000000000000000000e+18
6.464232147544841788e-06,4.571184846188990347e-01,4.664581537185754240e+17,4.991633754917455292e+10,1.000000000000000000e+18
6.494815613382992559e-06,4.584226742357530582e-01,4.905602165013344640e+17,4.725119696094084167e+10,1.000000000000000000e+18
6.526016990061546977e-06,4.596732354753561012e-01,5.148399843181975040e+17,4.480565402020025635e+10,1.000000000000000000e+18
6.557848761901566074e-06,4.608697877287601385e-01,5.391953452902064000e+17,4.255998936894589233e+10,1.000000000000000000e+18
6.590323665458353253e-06,4.620121461751365288e-01,5.635219306757016320e+17,4.049620758883300018e+10,1.000000000000000000e+18
6.623454694617613612e-06,4.631003232272013492e-01,5.877146818610544640e+17,3.859788472314228821e+10,1.000000000000000000e+18
6.657255105794581989e-06,4.641345278481282532e-01,6.116694550127861760e+17,3.685002807008216095e+10,1.000000000000000000e+18
6.691738423238187321e-06,4.651151627256660537e-01,6.352846159154790400e+17,3.523894751796323395e+10,1.000000000000000000e+18
6.726918444442387852e-06,4.660428193368461591e-01,6.584625775684409600e+17,3.375213770566598511e+10,1.000000000000000000e+18
6.762809245666836263e-06,4.669182709836987022e-01,6.811112354385950720e+17,3.237817030850325775e+10,1.000000000000000000e+18
6.799425187569084654e-06,4.677424639250103433e-01,7.031452597200734720e+17,3.110659576926007462e+10,1.000000000000000000e+18
6.836780920950582462e-06,4.685165067696949737e-01,7.244872102384131840e+17,2.992785381618310928e+10,1.000000000000000000e+18
6.874891392618767873e-06,4.692416583323723578e-01,7.450684473456529920e+17,2.883319213339949417e+10,1.000000000000000000e+18
6.913771851367596464e-06,4.699193141801141782e-01,7.648298207867151360e+17,2.781459257417427826e+10,1.000000000000000000e+18
6.953437854078900785e-06,4.705509921202235546e-01,7.837221275438384640e+17,2.686470433316780472e+10,1.000000000000000000e+18
6.993905271947025427e-06,4.711383168919456854e-01,8.017063385574894080e+17,2.597678352011380768e+10,1.000000000000000000e+18
7.035190296829221064e-06,4.716830043301166175e-01,8.187536024994604800e+17,2.514463860387073517e+10,1.000000000000000000e+18
7.077309447724341974e-06,4.721868452662543736e-01,8.348450420375456000e+17,2.436258122243198395e+10,1.000000000000000000e+18
7.120279577382446563e-06,4.726516894231009847e-01,8.499713639851180800e+17,2.362538188110224533e+10,1.000000000000000000e+18
7.164117879047929253e-06,4.730794295429989749e-01,8.641323091913356800e+17,2.292823008758487701e+10,1.000000000000000000e+18
7.208841893338897612e-06,4.734719859697720801e-01,8.773359709309788160e+17,2.226669849913634491e+10,1.000000000000000000e+18
7.254469515265540822e-06,4.738312918791354189e-01,8.895980119338017280e+17,2.163671068320579910e+10,1.000000000000000000e+18
7.301019001390293997e-06,4.741592793252554228e-01,9.009408101757904640e+17,2.103451211907191849e+10,1.000000000000000000e+18
7.348508977132669802e-06,4.744578662420820825e-01,9.113925623283219200e+17,2.045664409389552689e+10,1.000000000000000000e+18
7.396958444221677095e-06,4.747289445085542403e-01,9.209863715574557440e+17,1.989992017229383087e+10,1.000000000000000000e+18
7.446386788298808989e-06,4.749743691576870930e-01,9.297593434352837120e+17,1.936140494396216965e+10,1.000000000000000000e+18
7.496813786674642032e-06,4.751959487817035144e-01,9.377517103184721920e+17,1.883839477895442200e+10,1.000000000000000000e+18
7.548259616242150042e-06,4.753954371594059647e-01,9.450060008988376320e+17,1.832840034489334106e+10,1.000000000000000000e+18
7.600744861549899636e-06,4.755745261083941244e-01,9.515662679413340160e+17,1.782913066450811005e+10,1.000000000000000000e+18
7.654290523038357209e-06,4.757348395438377175e-01,9.574773836645176320e+17,1.733847851535919571e+10,1.000000000000000000e+18
7.708918025442602304e-06,4.758779287074960118e-01,9.627844089168110080e+17,1.685450699627002525e+10,1.000000000000000000e+18
7.764649226364810956e-06,4.760052685155985452e-01,9.675320393494059520e+17,1.637543710669114494e+10,1.000000000000000000e+18
7.821506425019937784e-06,4.761182549620126547e-01,9.717641292385235200e+17,1.589963620582554436e+10,1.000000000000000000e+18
7.879512371158096785e-06,4.762182035037027528e-01,9.755232914899937280e+17,1.542560723769839287e+10,1.000000000000000000e+18
7.938690274167209372e-06,4.763063483486382754e-01,9.788505706664316160e+17,1.495197862632779884e+10,1.000000000000000000e+18
7.999063812359566981e-06,4.763838425618103223e-01,9.817851845908595200e+17,1.447749476163071632e+10,1.000000000000000000e+18
8.060657142446014866e-06,4.764517589026098787e-01,9.843643291659130880e+17,1.400100701158889008e+10,1.000000000000000000e+18
8.123494909201556868e-06,4.765110913062516329e-01,9.866230404615630080e+17,1.352146520944015694e+10,1.000000000000000000e+18
8.187602255326241935e-06,4.765627569229242688e-01,9.885941078190936320e+17,1.303790957621874809e+10,1.000000000000000000e+18
8.253004831505282959e-06,4.766075986306729795e-01,9.903080316465996800e+17,1.254946304884341621e+10,1.000000000000000000e+18
8.319728806672431330e-06,4.766463879414334914e-01,9.917930196950137600e+17,1.205532399217724228e+10,1.000000000000000000e+18
8.387800878480711932e-06,4.766798282239329554e-01,9.930750158608400640e+17,1.155475928012054443e+10,1.000000000000000000e+18
8.457248283984709704e-06,4.767085581721652865e-01,9.941777559243500800e+17,1.104709773594101334e+10,1.000000000000000000e+18
8.528098810538686965e-06,4.767331554536776150e-01,9.951228450674312960e+17,1.053172392581058693e+10,1.000000000000000000e+18
8.600380806914876793e-06,4.767541404778390945e-01,9.959298524966286080e+17,1.000807230204669189e+10,1.000000000000000000e+18
8.674123194646423098e-06,4.767719802305022125e-01,9.966164190027534080e+17,9.475621694002788544e+09,1.000000000000000000e+18
8.749355479599483758e-06,4.767870921279314667e-01,9.971983738025404160e+17,8.933890145091806412e+09,1.000000000000000000e+18
8.826107763779147039e-06,4.767998478495308334e-01,9.976898575188878080e+17,8.382430094236145973e+09,1.000000000000000000e+18
8.904410757373869105e-06,4.768105771157428174e-01,9.981034486573658880e+17,7.820823899310237885e+09,1.000000000000000000e+18
8.984295791043260705e-06,4.768195713845569395e-01,9.984502914253721600e+17,7.248679699072431564e+09,1.000000000000000000e+18
9.065794828454135830e-06,4.768270874474581644e-01,9.987402232181486080e+17,6.665627608880386353e+09,1.000000000000000000e+18
9.148940479069841853e-06,4.768333509135274095e-01,9.989819005688764160e+17,6.071316244371443748e+09,1.000000000000000000e+18
9.233766011197988929e-06,4.768385595790546327e-01,9.991829228392049920e+17,5.465409566518828392e+09,1.000000000000000000e+18
9.320305365301786218e-06,4.768428866898395957e-01,9.993499534289552640e+17,4.847584041346331596e+09,1.000000000000000000e+18
9.408593167580333081e-06,4.768464841149414046e-01,9.994888388344789760e+17,4.217526108479277134e+09,1.000000000000000000e+18
9.498664743823282894e-06,4.768494854648744896e-01,9.996047265203624960e+17,3.574929955142179489e+09,1.000000000000000000e+18
9.590556133545427524e-06,4.768520092054042703e-01,9.997021833405505280e+17,2.919495596906694889e+09,1.000000000000000000e+18
9.684304104406855581e-06,4.768541618420422123e-01,9.997853172267475200e+17,2.250927274504684448e+09,1.000000000000000000e+18
9.779946166924464594e-06,4.768560412827745343e-01,9.998579061612720640e+17,1.568932188927786827e+09,1.000000000000000000e+18
9.877520589480693654e-06,4.768577405314492479e-01,9.999235402241373440e+17,8.732196172271314859e+08,1.000000000000000000e+18
9.977066413635507408e-06,4.768593519274159087e-01,9.999857849779248640e+17,1.635004825584200025e+08,1.000000000000000000e+18
1.000000000000000082e-05,4.768597199126636821e-01,1.000000000000000128e+18,9.999999999999998579e+01,1.000000000000000000e+18
