reverse_voltage_V,peak_field_V_cm,peak_x_um,peak_depth_um,anode_A_per_cm,cathode_A_per_cm
0,5888.646060426466,42.74035929346328,1.422210733418697,-2.394014995535615e-33,1.057169353344351e-36
0.1,6603.921394849501,42.74035929346328,1.422210733418697,-9.98623115954319e-12,9.986231159543189e-12
0.25,7600.11097579249,42.74035929346328,1.422210733418697,-1.8273888718258365e-11,1.8273888718258365e-11
0.47500000000000003,8970.023159557224,42.74035929346328,1.422210733418697,-2.864115621714263e-11,2.864115621714263e-11
0.8125,10833.495175639764,42.74035929346328,1.422210733418697,-4.049447599695277e-11,4.0494475996952776e-11
1.31875,13341.008036204543,42.74035929346328,1.422210733418697,-5.617777859404112e-11,5.6177778594041124e-11
2.078125,16697.238391473173,42.74035929346328,1.422210733418697,-7.449502406843826e-11,7.449502406843826e-11
3.2171875,21156.409699924963,42.74035929346328,1.422210733418697,-9.858479199300586e-11,9.858479199300586e-11
4.92578125,27322.37357482569,42.31894842966981,1.3057437361330855,-1.267717656979233e-10,1.2677176569792327e-10
7.488671875,35658.28753486071,42.40032544778146,1.2332869755351592,-1.6304698193146708e-10,1.6304698193146708e-10
11.3330078125,46675.572183068296,42.40032544778146,1.2332869755351592,-2.0704171890039942e-10,2.0704171890039942e-10
